data,pressao_atm_max,pressao_atm_min,chuva_mm,temp_ar_max,temp_ar_min,umid_relat_max,umid_relat_min,rad_solar_total,temp_max,temp_min,temp_ar_media,umid_relat_media,vento_veloc,rad_solar_media
2017-01-01,617.7996583333332,599.8033625,0.0,30.318041666666673,28.722791666666666,66.47716666666666,60.17462500000001,2145.823333333333,21.408342083333334,20.31201125,29.54324166666667,63.17495833333333,1.1325433529166666,5.960620166666666
2017-01-02,620.1472958333333,599.7951,0.0,29.630875000000003,28.269416666666668,67.4885,61.22308333333333,1951.8496666666663,21.26438333333333,20.06185875,28.910676249999998,64.43673541666665,1.0876244333333336,5.421804708333333
2017-01-03,620.2126625,599.8176083333334,0.0,29.409916666666664,28.00558333333333,70.00179166666668,64.12449999999998,2104.909208333333,21.635285833333338,20.695278750000003,28.650169166666668,67.0026958333333,1.6307871041666668,5.846970249999999
2017-01-04,616.1654374999999,599.7879749999998,0.10583333333333333,29.755875000000007,28.265958333333334,69.87983333333335,63.22779166666667,1963.737875,21.848865416666666,20.813229166666666,28.88110208333333,66.91486625,1.921033054166667,5.454827250000001
2017-01-05,619.3783166666666,599.8029916666668,0.0,28.977791666666672,27.437291666666667,70.60875,64.29954166666666,2001.953125,21.344599583333334,20.438309583333332,28.1671975,67.43400791666666,1.197141130375,5.560980708333335
2017-01-06,616.9293291666668,599.7992916666667,0.0,29.410249999999994,27.943458333333336,64.78262500000001,57.74087500000002,2063.820541666667,19.873571666666667,18.02656125,28.664397083333338,61.02787333333333,0.8975288258333333,5.732835041666665
2017-01-07,616.3259416666667,599.8107333333334,0.0,29.509041666666665,27.90758333333334,68.32637499999998,61.34787500000001,2165.2642916666664,21.057165,19.65971875,28.665159583333338,64.8199304166667,1.078961095833333,6.014623083333334
2017-01-08,616.945725,599.7747541666669,0.0,29.320458333333335,27.89925,64.54775000000002,58.44766666666667,1968.6674583333336,20.201919166666666,19.028332083333332,28.550828750000004,61.3928675,1.487610049125,5.4685205
2017-01-09,618.5651,599.8219208333334,0.0,29.081374999999994,27.66095833333333,69.75366666666666,63.62029166666667,2004.2451250000001,21.386534166666664,20.246472499999996,28.38453458333333,66.44155500000001,1.2972106329166666,5.567347458333334
2017-01-10,615.3851416666665,599.7841583333335,0.60325,28.668374999999997,27.004541666666658,74.28687500000001,66.73441666666668,1854.9003333333333,22.102345,20.94109666666667,27.68120875,70.79700333333334,1.4186516191666667,5.152500791666667
2017-01-11,617.3710374999999,599.8157041666666,0.0,27.456125,26.36666666666667,79.03425,73.49074999999999,1853.1600416666663,22.48156291666667,21.666978333333336,26.88664916666667,76.36147958333332,1.4137729995416664,5.1476667083333325
2017-01-12,618.6073083333334,599.7968791666667,0.0,29.072291666666672,27.731666666666666,70.692375,64.82208333333332,2109.5359583333334,21.362696250000003,20.294284166666667,28.410766249999998,67.50646666666667,1.32591721125,5.859822208333333
2017-01-13,617.0388416666666,599.7691541666667,0.0,28.89666666666666,27.510625,69.72995833333333,63.856083333333345,2035.5807499999999,21.182844583333335,20.08307041666667,28.178564166666664,66.81133291666667,1.3621555729166666,5.654391125
2017-01-14,618.7453083333334,599.7734666666666,0.0,29.180833333333336,27.861166666666666,64.83024999999999,59.471250000000005,2018.5584166666665,20.310350833333334,19.316043333333333,28.509900416666657,62.07630583333332,1.2539176791666664,5.607106625
2017-01-15,620.2660958333332,599.7680083333333,0.0,29.185958333333343,27.674041666666668,72.14870833333332,65.63512499999999,2045.3624583333333,22.052130000000005,20.947128749999997,28.37665291666667,69.06276291666667,1.3256423233333332,5.681562249999998
2017-01-16,617.8394875,599.8056583333334,0.010583333333333333,28.643125,27.419208333333334,71.31945833333334,66.15825,1848.669791666667,21.73352083333333,20.99200958333333,27.998874583333333,68.82928208333334,1.3508246529166668,5.135193791666666
2017-01-17,619.3748791666666,599.7738583333332,0.0,29.141375,27.828,66.16054166666667,60.987166666666674,1886.651291666667,20.484620833333334,19.681147500000005,28.410931250000004,63.807516666666665,1.7531597708333335,5.240698583333333
2017-01-18,617.8142916666667,599.7780583333333,0.0,29.318083333333334,27.855208333333326,70.60474999999998,63.97070833333334,1996.5780833333336,21.815813333333335,20.645974583333338,28.568397500000003,67.20206875000001,1.2549537,5.546050208333334
2017-01-19,619.8855333333332,599.7996750000001,0.0,29.439374999999988,28.121291666666668,71.30049999999999,65.60841666666668,1875.843916666667,22.1114875,21.10431166666667,28.77544125,68.13983874999998,0.9839410195833334,5.210677791666666
2017-01-20,620.1492041666668,599.7942083333334,0.0635,28.496125000000003,27.297458333333335,74.39575,69.15233333333333,1832.769,22.236214166666667,21.31205125,27.84034083333334,71.83585541666666,0.8106915633333335,5.091024916666666
2017-01-21,617.8388375000001,599.8071791666666,0.0,29.549749999999992,27.854041666666664,67.12479166666667,60.557874999999996,2022.4536666666663,20.97935875,19.800830416666667,28.64175916666667,63.80451625,1.2234143825,5.617926958333334
2017-01-22,616.9429083333332,599.7767708333332,1.4181662499999999,29.335791666666662,27.525083333333328,72.71804166666665,65.2975,2011.231,21.918526250000003,20.7980225,28.450495000000004,68.90190333333335,1.7121469041666666,5.586752874999999
2017-01-23,614.3068416666667,599.7854291666667,0.07408333333333333,28.995833333333334,27.27004166666667,73.86049999999999,66.933,1985.5779999999997,22.047,20.95666791666667,28.058419999999998,70.51346749999999,1.270830474583333,5.515494416666667
2017-01-24,617.4286625,599.8015791666666,0.010583333333333333,29.55225,28.246499999999997,67.730375,62.18354166666665,2037.3485416666665,21.268937500000003,20.183105416666667,28.889299166666675,64.81829125,1.71328418125,5.65930175
2017-01-25,618.5405416666667,599.8023541666666,0.0,29.497625,28.059625000000008,65.93508333333334,58.91791666666669,2065.315666666667,20.442418333333332,18.84608333333333,28.74006541666667,62.51026000000001,1.2793634458333332,5.7369877916666665
2017-01-26,620.1960041666666,599.7701583333334,0.0,29.7175,28.25691666666667,65.54845833333334,60.1975,1948.7493333333334,20.665937916666667,19.60486208333333,28.94825416666667,62.795832499999996,1.4971005999999998,5.413192583333334
2017-01-27,614.5561333333334,599.8060333333332,0.0,28.900374999999997,27.33816666666667,73.50966666666667,66.02991666666668,1969.8928750000002,22.120263750000003,20.96337208333333,27.9414025,70.16929833333332,1.3671151525,5.471924541666667
2017-01-28,616.1600916666665,599.7844166666667,0.021166666666666667,28.298041666666666,26.764624999999995,76.45729166666668,69.37458333333335,1887.8735000000004,22.33752208333333,21.211004583333334,27.475428750000006,73.18727666666666,1.3293663329166667,5.244093041666667
2017-01-29,616.2760791666668,599.8024625,0.0,29.21766666666666,27.723,69.450375,63.372625,1942.8017500000005,21.367507083333336,20.23427708333333,28.45469291666667,66.45194916666665,1.4276996916666667,5.396671291666666
2017-01-30,617.9181958333334,599.8050125000001,0.0,29.92341666666667,28.24633333333333,65.90779166666665,59.33570833333332,2001.875291666667,20.772099166666663,19.49166,29.0389125,62.75194375000001,1.5554339541666664,5.560764333333335
2017-01-31,616.1758624999999,599.7775458333334,0.8466667083333332,28.83033333333334,26.771708333333336,77.39595833333334,68.66499999999998,1953.8803750000006,22.623047500000002,21.5005525,27.8048525,72.68119041666665,1.2488051204166666,5.427445541666667
2017-02-01,615.034225,599.7819958333333,0.010583333333333333,28.388416666666668,27.195333333333334,76.43679166666665,70.89316666666667,1777.724125,22.537385,21.58891375,27.77127125000001,73.64159,1.180301038375,4.938122458333333
2017-02-02,617.8338625,599.7958625000001,0.0,29.41066666666666,27.996958333333342,70.16337499999999,64.07895833333332,1857.6684583333335,21.77100416666667,20.757594583333336,28.67878,67.15065583333333,1.6375664666666667,5.160190375
2017-02-03,617.0107124999998,599.7756458333333,0.0,29.845874999999996,28.374624999999998,66.20562500000001,59.954416666666674,2057.041666666667,20.866180000000004,19.8131775,29.087416666666666,63.046179583333334,1.7920602708333335,5.714005041666667
2017-02-04,619.4630166666666,599.7798416666667,0.0,29.833083333333335,28.459708333333328,63.834166666666675,57.72858333333334,2028.6731666666672,20.159011666666668,19.006965416666667,29.11302166666667,60.79497666666666,1.9733652500000003,5.635202999999998
2017-02-05,618.6447125,599.7766583333333,0.0,29.869833333333336,28.212541666666677,66.37758333333333,60.08587500000001,2024.9684166666673,21.052500416666668,19.912894166666664,29.04767166666667,63.14630208333333,1.6065856833333332,5.62491225
2017-02-06,615.4552125000001,599.7688916666667,0.0,30.061583333333335,28.630458333333333,66.20008333333334,60.10008333333335,2026.274333333333,21.288019583333334,20.116476249999998,29.356999166666668,62.98815833333333,1.7555121083333336,5.628539708333334
2017-02-07,619.4578124999998,599.7720666666667,0.0,29.970250000000004,28.434416666666667,67.66408333333334,61.280958333333324,2016.8249583333334,21.43855208333333,20.323516666666663,29.10550458333333,64.82599,1.8242592083333333,5.602291624999999
2017-02-08,617.8374416666667,599.7664833333334,0.010583333333333333,29.476583333333334,28.019000000000002,72.03316666666666,65.66370833333335,2031.0577500000002,22.35435208333333,21.20907458333333,28.71231208333333,68.8270275,1.3647220279166667,5.641826833333334
2017-02-09,620.2919,599.7898958333333,0.0,28.892916666666668,27.388916666666663,76.18958333333332,69.3305,1899.6915,22.924306666666666,21.881452916666664,28.098940833333334,72.56782708333331,1.1378587566666667,5.276920625000001
2017-02-10,616.72085,599.7925541666667,1.153582916666667,29.202833333333334,27.736625,75.75595833333335,69.0915,1951.9649166666668,23.030010833333336,21.727644166666668,28.39402416666668,72.51422583333334,1.0629224855125,5.422124875000001
2017-02-11,606.8157416666667,600.0053458333333,1.0900834166666666,24.741375,23.835166666666666,91.97025000000001,88.4482916666667,1682.2586250000002,22.881919166666666,22.16920125,24.26033666666666,90.28574708333336,0.32149023645833336,4.672940541666667
2017-02-12,611.6199958333333,599.8661958333333,0.021166666666666667,26.33429166666667,25.084375000000005,84.73737499999999,78.8735,1857.6292083333337,22.712868750000002,21.791788333333333,25.66558833333333,81.77623583333335,0.8137008466666665,5.160080791666666
2017-02-13,613.5077208333333,599.7856791666667,0.0,27.300083333333333,26.03620833333333,78.66716666666666,72.42808333333336,1866.5753333333334,21.996535000000005,20.975529166666668,26.633069583333334,75.59161958333331,1.1332463524999998,5.184931541666666
2017-02-14,611.0350583333334,599.8349083333334,0.7937495833333333,27.983416666666667,26.532041666666668,77.51541666666667,71.14999999999999,1822.9025,22.287493333333334,21.27886,27.118551250000007,74.86197458333335,0.64651037925,5.063618208333334
2017-02-15,610.1667458333333,599.8597083333335,0.0,28.113583333333334,26.95504166666666,77.93850000000002,72.32070833333333,1727.3372916666667,22.5858825,21.373004583333337,27.486236666666656,75.13958333333335,0.7551851329666667,4.798158958333334
2017-02-16,612.8187458333333,599.8475,0.0,28.951666666666664,27.488708333333335,71.54195833333334,65.75279166666668,1847.8722083333332,21.761687499999997,20.584969166666664,28.200402916666665,68.61483541666665,0.6569444505833334,5.132978416666668
2017-02-17,615.2339083333334,599.7849250000002,1.8414995833333332,27.581250000000008,26.005625,83.57516666666668,76.746625,1788.1172916666671,23.166972083333324,22.04712458333334,26.686760416666672,80.41513291666666,0.624794563625,4.966992208333333
2017-02-18,608.5283291666666,599.9007916666666,2.3071669166666666,25.10341666666667,24.20379166666667,92.00470833333337,88.08920833333333,1729.1184999999998,23.19539125,22.395162916666667,24.63225125,90.19873333333334,0.1599276653,4.803107083333334
2017-02-19,611.3424666666668,599.8363125,2.2436659999999997,25.522541666666665,24.039500000000004,95.12579166666666,89.43995833333334,1821.860125,23.842322083333332,22.989690833333338,24.698694583333335,92.65264416666666,0.5585446004958332,5.060722291666667
2017-02-20,608.8811416666666,599.8483958333335,3.2490825,25.465500000000002,23.865333333333325,92.80512499999999,86.68091666666668,1791.6305833333336,23.19841,22.219254583333335,24.748869166666665,89.44449333333331,0.5754051324166667,4.976751499999999
2017-02-21,611.1192625,599.835175,0.0,27.21304166666667,25.95229166666667,83.84566666666667,78.22408333333333,2014.9565,23.10571083333333,22.025884583333333,26.50718541666667,81.35187916666668,0.6979310999583334,5.597101416666668
2017-02-22,619.7182916666667,599.7926791666667,0.0,28.349541666666667,27.024833333333337,74.53604166666666,67.93216666666667,2028.1613333333328,22.02768958333333,20.7414125,27.668088333333333,71.1221325,0.8570746509166663,5.633781458333332
2017-02-23,612.7700249999999,599.8089541666667,0.0,28.45283333333333,26.99833333333333,73.85179166666667,67.26908333333333,1972.0922083333332,21.86288416666667,20.605497916666668,27.746909583333334,70.4283525,0.6606655038333332,5.47803425
2017-02-24,618.3880375000001,599.7984083333333,0.0,27.763208333333328,26.481458333333325,82.09420833333333,75.60450000000002,1942.167666666666,23.261874583333334,22.133621249999994,27.10331666666667,78.72476041666665,0.9268807487499998,5.394910541666667
2017-02-25,615.957875,599.7774166666667,0.03175,28.305083333333343,26.99170833333333,76.658375,70.68433333333333,1996.476375,22.471305416666667,21.42800416666667,27.623653750000003,73.63213458333333,1.1736255208333335,5.545767625
2017-02-26,618.4464166666666,599.7995416666666,0.0,28.558666666666664,27.20175,76.73295833333333,70.57366666666667,1960.4497083333335,22.841705416666667,21.77414916666667,27.843727499999996,73.90214291666666,0.8915509716666664,5.445693458333334
2017-02-27,616.8634333333333,599.7977583333334,0.0,27.792708333333334,26.379999999999995,80.75279166666667,75.16420833333333,1791.349291666667,23.063763749999996,22.1705175,26.916808749999987,78.37262416666665,0.8860243985833334,4.975970291666667
2017-02-28,614.4286875,599.7936958333331,0.0,25.577416666666668,24.45645833333333,88.50933333333332,83.81529166666667,1695.8868333333332,22.791240833333337,22.057455,25.00783416666667,86.25119875,0.9106770917916666,4.710796916666667
2017-03-01,607.1466791666667,599.8323625000002,0.0,26.27608333333333,24.801416666666668,90.135125,83.79612499999999,1966.7811666666664,23.477067499999993,22.38094666666667,25.613127500000004,86.73745083333331,0.66489858625,5.463281041666668
2017-03-02,611.8088666666666,599.8423958333333,2.79399975,26.008166666666664,24.323833333333337,92.47745833333335,85.68391666666666,1896.2396666666666,23.572746249999998,22.492941666666667,25.146856666666668,89.04134125,0.42527192750000004,5.267332833333332
2017-03-03,613.1678791666667,599.8079458333333,0.14816666666666667,26.08695833333333,24.866791666666668,88.87041666666669,84.22120833333332,1876.7252499999997,23.36489875,22.423456249999997,25.408256666666663,86.72519000000001,0.4068952826666667,5.213125749999999
2017-03-04,617.1592833333335,599.7910291666666,0.0,27.897916666666656,26.647249999999996,81.69362500000001,75.90529166666667,1963.0075416666662,23.409792916666664,22.368643750000004,27.205651666666665,78.99323083333336,0.8391985004166665,5.452798708333333
2017-03-05,615.9333124999999,599.7772916666668,4.635505,27.532583333333324,25.981791666666666,85.79979166666668,79.31387500000001,1957.7335416666672,23.708853333333327,22.533821250000003,26.65007416666667,82.90423583333332,1.0752344366666668,5.438148541666667
2017-03-06,615.1406791666667,599.7882291666666,0.0,27.364166666666666,26.231708333333334,86.838625,81.68287499999998,1953.5049166666665,24.197460833333327,23.179869166666663,26.76933958333333,84.31460333333332,0.8769068687083332,5.426402666666667
2017-03-07,613.390325,599.7937041666665,2.286000833333333,27.536249999999992,26.009916666666665,85.92920833333334,79.51041666666667,2039.3011666666664,23.73274583333333,22.574149583333334,26.793073333333336,82.63797833333334,1.0133246219166665,5.664725458333334
2017-03-08,612.3186333333333,599.8775208333333,0.0,26.319791666666664,25.269833333333338,91.17820833333333,87.16283333333332,1817.4085833333336,24.21141833333333,23.331115416666666,25.72962,89.26607833333333,0.5845834372083334,5.048357249999998
2017-03-09,607.434125,599.8972249999999,0.0,25.908041666666666,25.170916666666667,91.94945833333334,88.60375,1608.2216250000001,24.09602708333333,23.438156249999995,25.539275416666666,90.33590124999999,0.2554745025,4.46728225
2017-03-10,609.6251833333333,599.882725,1.111250125,26.155000000000005,24.833375,91.4185,85.498625,1758.2462916666666,23.856204583333337,22.764700416666667,25.460702916666666,88.50050083333333,0.4993779080833332,4.884017541666666
2017-03-11,607.5566249999998,599.9528125,3.5983335000000003,25.572583333333327,24.113708333333335,93.43179166666668,87.52545833333335,1829.9204166666666,23.554351666666665,22.535937500000003,24.74030958333333,90.84349041666665,0.15482059716250002,5.083112416666666
2017-03-12,609.0486416666669,599.8296999999999,0.0,26.14733333333334,24.969208333333338,91.07766666666667,86.19979166666666,1753.137708333333,23.843404166666673,22.912992083333332,25.547227500000005,88.71648499999998,0.26730902841666665,4.869826791666665
2017-03-13,613.1011083333334,599.80845,1.6933329583333334,26.876249999999995,25.461,89.49729166666667,83.5375,1893.9978749999993,24.07219666666667,23.081520416666663,26.099947083333333,86.64592333333336,0.5218488879166666,5.261105458333334
2017-03-14,609.3068374999999,599.8097250000001,1.0160000833333334,25.151166666666658,24.100499999999997,96.72883333333334,93.17570833333333,1660.6590416666668,24.158621666666665,23.394427916666668,24.57139583333333,95.25211125,0.24503761291666667,4.612941999999999
2017-03-15,609.6822826086958,599.7899043478263,2.959653043478261,26.148652173913046,24.75613043478261,91.5693913043478,86.48052173913044,1921.0338695652174,23.738856956521744,22.78251652173913,25.39114695652174,89.15445695652174,0.590437664,5.336205260869565
2017-03-16,607.8858958333334,599.8758624999999,0.45508333333333334,26.32479166666667,24.93720833333333,91.13120833333333,85.18908333333333,1909.781708333333,23.842170416666672,22.79722791666666,25.524841666666664,88.52241000000002,0.43949078079166665,5.304949125000001
2017-03-17,610.1307708333333,599.8366833333331,0.391583375,26.241708333333335,24.896833333333337,93.13245833333333,87.19162499999999,1902.771083333333,24.261077500000003,23.11039375,25.526983333333337,90.09951541666668,0.5174016384541666,5.285475333333332
2017-03-18,609.0988833333332,599.8146791666667,0.0,25.955250000000007,24.549291666666672,91.04387500000001,85.02216666666668,1817.121291666667,23.541234166666666,22.46116125,25.247204999999994,87.95597958333333,0.31273732066666665,5.047559083333334
2017-03-19,609.0416541666666,599.9315708333332,0.0,27.402625000000004,25.962833333333336,84.2665,77.79808333333334,1944.204291666667,23.371962083333333,22.087884583333334,26.666467499999996,81.04805749999998,0.6295167439166667,5.4005673750000005
2017-03-20,614.2400708333333,599.7910333333333,0.0,27.829041666666665,26.529416666666666,84.74458333333334,78.72483333333334,1929.8708750000003,23.944897083333334,22.982950000000002,27.14464375,81.83619916666669,0.9833738598333334,5.3607522916666674
2017-03-21,612.7214416666666,599.7840333333334,0.0,27.872500000000002,26.587500000000006,83.6675,77.79104166666666,1913.4601250000005,23.860288750000006,22.756679166666668,27.201520833333337,80.9569425,0.7335561475,5.315167041666666
2017-03-22,613.8514739130434,599.7791521739131,1.2037391304347826,27.255260869565213,25.82630434782609,87.40069565217392,81.26352173913045,1870.8699130434784,23.945791739130435,22.84635043478261,26.55196739130435,84.38818173913042,0.6811412529130435,5.196861173913042
2017-03-23,606.8682583333333,599.8667083333333,3.6194996249999996,24.66754166666667,23.45708333333333,97.962625,93.82820833333334,1692.1622083333332,23.76496916666667,22.960349166666674,24.0198925,96.21713583333333,0.09888888158333332,4.700450958333333
2017-03-24,608.5505833333333,599.8098416666668,0.0635,25.855875000000008,24.841458333333332,90.64583333333333,85.87500000000001,1906.0241666666664,23.525978749999997,22.67378916666667,25.335972916666673,88.38839,0.5429136866666665,5.294511624999999
2017-03-25,614.2434916666665,599.7741166666667,0.08466666666666667,26.729708333333335,25.54495833333333,89.34095833333332,84.10441666666667,2031.9054166666665,23.987369583333336,23.187805833333332,26.11764375,86.77995999999997,0.8963570406249999,5.644181708333332
2017-03-26,613.9483608695652,599.7912260869564,0.022086956521739132,27.33852173913043,25.9345652173913,86.14978260869565,79.85756521739133,2090.450913043478,23.831372173913046,22.731182173913037,26.633554782608698,82.96889173913043,1.116476317826087,5.806807869565218
2017-03-27,611.0061874999999,599.8242166666666,0.010583333333333333,26.92508333333333,25.762166666666673,88.74758333333335,83.80154166666668,1880.3763749999998,24.092325833333334,23.23058416666667,26.30849875,86.273835,0.7431104494583335,5.2232674999999995
2017-03-28,611.6267416666667,599.8239625000002,0.0,27.61741666666666,26.217083333333335,85.50266666666666,79.57120833333333,1948.7763333333335,23.956081666666666,22.900505000000006,26.888229999999997,82.81150583333333,0.7666666399166666,5.4132676250000005
2017-03-29,609.9683416666666,599.8262583333334,0.0,26.957624999999997,25.520083333333332,87.47687499999999,81.54091666666667,1919.9482083333332,23.686404166666666,22.52528791666666,26.193725833333332,84.63729083333332,0.65565088125,5.333189166666667
2017-03-30,609.2549500000001,599.7808625,0.7090829166666667,26.197083333333335,24.98870833333333,94.97745833333335,89.625625,1776.537916666667,24.627017499999997,23.762996666666666,25.585552083333337,92.48431916666668,0.6488426545833333,4.934827666666668
2017-03-31,607.6413041666666,599.9123666666668,2.7516658750000005,26.260249999999996,24.604791666666667,95.12558333333334,89.52291666666667,1807.8585833333336,24.464541249999996,23.430766666666667,25.42452083333333,92.26576833333333,0.4404340321666667,5.021829291666667
2017-04-01,610.2876958333333,599.7971249999999,0.32808333333333334,26.285124999999994,25.077375000000007,90.67587500000002,85.28129166666668,1844.6904166666666,23.886962083333334,22.830419166666662,25.653818333333334,88.24172750000001,0.7009431958333333,5.124139749999999
2017-04-02,611.1528374999999,599.8393583333333,0.0,26.29070833333333,24.807874999999996,91.86574999999999,85.49258333333334,1903.9273333333338,23.89498,22.910124166666666,25.43154375,89.02084916666666,0.367592613625,5.288686875
2017-04-03,611.4489291666667,599.81215,0.0,27.247791666666668,25.755666666666666,88.36358333333334,82.11220833333333,1966.1282083333333,24.132004166666672,23.09567875,26.45825541666667,85.36652875000003,0.6709605929166668,5.461467291666668
2017-04-04,614.1258583333333,599.8111208333335,0.0,27.757166666666667,26.354124999999996,83.67620833333334,76.98066666666668,2110.7114166666665,23.62105791666667,22.454523750000003,27.060571249999995,80.35919958333334,0.621397516375,5.86308725
2017-04-05,613.4144916666665,599.8491541666666,0.27516666666666667,25.446375,24.36866666666667,94.41608333333335,89.78045833333333,1775.681958333333,23.77936166666667,23.098009583333333,24.824510833333335,92.34941333333335,0.7365018554166665,4.9324497083333325
2017-04-06,606.8128166666667,599.8972333333334,0.010583333333333333,26.747666666666678,25.369500000000002,86.342625,80.19504166666667,1981.7915416666665,23.252197499999994,21.998692083333335,26.066708333333334,83.15039250000002,0.5885937912083333,5.504976374999999
2017-04-07,612.6307583333333,599.8625041666668,0.0,27.706416666666673,26.222499999999997,85.0445,78.17433333333332,2021.023291666667,23.86065041666667,22.73630375,27.03308458333333,81.48844166666667,0.6529658137500001,5.6139538333333325
2017-04-08,610.1977833333334,599.8645416666668,0.0,27.11708333333333,25.586916666666664,88.87845833333334,82.78075,1894.1967916666665,24.087446250000003,23.151817499999996,26.349495,85.85879208333336,0.5310908466666667,5.261657500000001
2017-04-09,611.503475,599.7985416666666,0.0,28.105,26.71529166666667,83.58654166666666,77.05316666666668,2033.263208333333,23.972781666666663,22.80478375,27.431256666666666,80.3139075,0.7002082835416666,5.6479532500000005
2017-04-10,609.3672583333333,599.8261208333334,0.14816666666666667,26.496833333333324,25.14854166666667,92.01245833333336,85.50920833333333,1850.0124166666667,24.168660416666665,23.265586666666664,25.755974166666665,89.15207333333332,0.5622598583333334,5.1389233333333335
2017-04-11,607.8894541666667,599.8019666666668,1.57691625,26.10491666666667,24.609166666666667,93.79608333333334,88.39600000000002,1895.481291666666,24.2559325,23.12055833333333,25.210188750000004,91.52315625,0.5153037582916667,5.2652257916666665
2017-04-12,610.4708541666668,599.7917833333332,0.05291666666666667,27.12691666666667,25.606875000000006,90.33870833333333,84.226625,2049.3555416666663,24.465597083333332,23.335267916666666,26.362313333333336,87.33776083333332,0.49672455500000007,5.692654291666667
2017-04-13,613.69355,599.8088416666667,0.9525000416666667,26.67020833333334,25.474875000000008,93.93854166666667,89.67537500000002,2027.2692083333334,24.951794583333342,24.10998541666667,26.041753333333343,91.87464791666666,0.7217157994166666,5.631303166666666
2017-04-14,607.4954250000001,599.8544875000001,1.365249666666667,26.170958333333342,24.914291666666674,93.88966666666668,89.17975000000001,2088.8576666666663,24.33032208333334,23.404130416666664,25.57216375,91.39607583333331,0.5080728479166667,5.8023825
2017-04-15,609.2526541666667,599.7813666666667,0.010583333333333333,26.937041666666662,25.652583333333336,88.12429166666668,83.06270833333332,2163.8717083333336,23.914999999999996,22.954313333333335,26.28206958333334,85.69048125,0.6825722779166666,6.010754708333334
2017-04-16,611.3099125,599.8296916666667,0.0,27.614250000000002,26.2465,82.88341666666666,75.97112500000001,2177.493458333334,23.228443749999997,22.026766666666663,26.919033750000008,79.71732833333333,0.7131596766666667,6.048592958333334
2017-04-17,610.7558916666666,599.8542416666666,0.0,27.643583333333336,26.170708333333337,86.35395833333335,80.21941666666667,2216.6102916666664,24.13158208333334,23.077889583333334,26.9372075,83.25289208333332,0.7073148128333333,6.157250583333333
2017-04-18,607.9601625,599.8140416666668,0.0,27.72979166666667,26.309958333333338,87.27395833333333,80.66041666666665,2063.4684583333333,24.38926666666667,23.416968749999995,26.964818749999996,84.04536208333334,0.44792820426249996,5.731857166666667
2017-04-19,613.4765625000001,599.8193958333335,0.30691666666666667,27.25808333333333,25.764750000000003,86.98270833333333,79.68141666666666,1988.502166666667,23.884452500000005,22.610518333333335,26.432777500000004,83.50681833333334,0.5335127562499998,5.523617416666667
2017-04-20,612.5900499999999,599.7903875,0.0,27.631083333333336,25.94145833333333,86.95970833333335,79.62708333333333,2035.772958333333,24.06469583333333,22.81058541666667,26.774188749999997,83.32985916666668,0.45204002595833326,5.654924875
2017-04-21,610.3016999999999,599.8291833333333,0.0,27.807333333333332,26.075875,84.37333333333335,77.40658333333333,2046.9722499999998,23.718027499999994,22.481298750000004,26.92415791666667,80.90119208333333,0.5387616175000002,5.686034124999999
2017-04-22,609.332275,599.8425375,0.15875,26.115916666666667,24.82704166666667,93.81870833333335,88.03195833333332,1845.7660000000003,24.255792916666667,23.294892500000003,25.38481125,91.19743041666665,0.4976938549166667,5.1271278749999984
2017-04-23,610.8160416666667,599.8460958333334,0.05291666666666667,27.720875000000003,26.129958333333335,88.69412499999999,81.72812499999999,2006.5089583333338,24.577878333333334,23.444578333333336,26.92913041666667,85.40220916666668,0.6520572889999999,5.573636333333333
2017-04-24,610.6640500000001,599.7800916666666,0.010583333333333333,26.634,25.421083333333332,89.84379166666668,84.47504166666667,1994.2331666666666,23.944466666666667,23.04506208333333,26.01500708333334,87.22135541666665,0.781837399625,5.539536583333334
2017-04-25,612.7391125,599.8014625,0.0,27.776749999999996,26.23420833333333,82.21933333333332,75.64804166666667,2041.9462916666664,23.212841666666666,22.16217708333333,27.013542083333338,79.00239375000001,0.776788199375,5.672072833333332
2017-04-26,607.8956749999999,599.8223125000001,0.0,27.685374999999997,26.225499999999997,83.16016666666667,76.62904166666667,2042.127416666667,23.377429999999993,22.289305416666675,26.982254999999995,79.93805166666668,0.57342595375,5.672576208333333
2017-04-27,612.8291750000002,599.8079416666666,0.2540000416666666,27.69795833333333,25.75570833333333,85.76958333333333,77.76758333333335,2005.6265416666658,23.740995,22.452322500000005,26.63675958333333,81.9524095833333,0.7276649217916665,5.571184958333333
2017-04-28,614.0202791666668,599.8251208333332,1.1112495833333333,27.122791666666668,25.411250000000006,90.879375,84.24024999999999,1944.0264166666668,24.380757083333336,23.252945,26.219493749999998,87.68954375000003,0.6782262496666668,5.400073750000001
2017-04-29,611.1822083333334,599.8403749999999,0.010583333333333333,26.699500000000004,25.207375,88.7582916666667,82.88237499999998,1930.6210833333337,23.712963333333338,22.536419166666665,25.932243749999998,85.64395083333335,0.46205156128749997,5.362836666666667
2017-04-30,605.9424624999999,599.8118958333333,0.9630829166666667,25.952666666666676,24.38808333333333,95.61708333333335,89.65454166666666,1793.3087083333337,24.46971333333333,23.242443750000003,25.18058125,92.69946541666667,0.3132551547416667,4.981412958333333
2017-05-01,609.1949083333333,599.8482624999999,0.0,26.729249999999997,25.198833333333337,87.77845833333333,81.8266666666667,1945.6922499999994,23.54444083333333,22.38568375,25.890565416666675,85.22760625000001,0.5375839162041667,5.404701
2017-05-02,610.5757791666666,599.8031041666667,0.4550834166666667,27.258833333333328,25.787833333333335,84.74366666666666,76.56525,2079.9805416666663,23.212103749999997,21.70761958333333,26.479915000000002,80.77473291666666,0.5719126516208332,5.77772375
2017-05-03,611.1486458333333,599.8656791666666,0.0,26.7205,25.292875,88.27095833333333,81.49837500000001,1903.7698333333335,23.663509166666667,22.45116125,25.971934583333333,84.87194791666666,0.4993865250416667,5.288249333333334
2017-05-04,609.8749750000001,599.9433958333333,3.2067488333333336,26.605583333333332,25.299583333333334,87.64575,81.08800000000001,1963.5159583333332,23.462598749999998,22.228400000000004,25.900454999999997,84.62039500000002,0.5820052587916666,5.454211041666667
2017-05-05,609.4200333333334,599.8655583333334,0.0,27.101208333333336,25.606041666666666,85.72795833333335,78.42212500000001,1960.3429583333334,23.212313749999993,21.9485,26.382695000000002,81.64522874999997,0.5124537688875,5.4453972083333335
2017-05-06,607.8397291666666,599.8818250000003,0.0,26.690499999999997,24.963875,87.06158333333333,79.50541666666666,1951.0197499999997,23.11313875,21.703602500000002,25.842127499999993,83.05592624999998,0.5067100461249999,5.419499291666668
2017-05-07,607.8909708333334,599.9042375,0.0,27.48958333333333,26.109291666666664,86.47325000000001,80.30479166666667,1919.8843750000003,24.116693333333334,23.022083333333338,26.7994175,83.49838208333334,0.5638714230916667,5.3330119583333335
2017-05-08,615.1438541666666,599.7667291666668,1.2488329166666667,26.425250000000002,25.146333333333335,93.31020833333334,87.9535,1906.1010416666666,24.43909541666667,23.593339583333336,25.731906250000005,90.75631541666665,0.5482464864583335,5.294725041666666
2017-05-09,610.4999833333333,599.8317250000001,0.3175000416666667,26.398083333333343,25.359499999999997,92.72783333333335,88.53583333333334,2114.6679583333334,24.622829166666666,23.681436666666666,25.81984291666667,90.76311541666665,0.7297134936666668,5.874077458333335
2017-05-10,610.4263333333332,599.7886083333333,0.0,27.270291666666676,25.94995833333333,89.12225000000001,83.42649999999998,2152.052416666667,24.435840833333344,23.500460416666673,26.585998333333336,86.39538958333334,0.5666434745000001,5.977923250000001
2017-05-11,613.2196375,599.8411541666668,0.0,28.06958333333333,26.590833333333336,85.62045833333336,79.03908333333332,2124.3621250000006,24.39513416666667,23.24210583333333,27.28664041666666,82.37112833333332,0.49276615737499996,5.901006249999999
2017-05-12,612.0940333333332,599.8229666666666,0.0,27.53658333333334,26.187291666666667,85.70291666666667,79.13375,2107.371541666666,23.841677083333337,22.77414625,26.840358750000004,82.40334791666666,0.4732292093333333,5.853809625
2017-05-13,609.5843458333333,599.93145,0.0,27.338625000000004,25.798624999999998,86.5305,79.97433333333332,1952.3237916666665,23.818304166666667,22.664547499999998,26.5408075,83.39850708333334,0.4005757796666665,5.423121416666667
2017-05-14,610.4278583333333,599.8810750000001,0.0,27.809583333333336,26.159625000000002,84.13291666666667,77.06745833333333,2045.3495,23.631990416666667,22.393750416666663,26.95836875,80.53468249999999,0.53488426375,5.681526166666667
2017-05-15,611.2575166666666,599.7889875000001,0.0,27.61570833333333,26.071166666666667,86.933125,80.28095833333334,1956.6964583333336,24.013291249999998,23.046509999999998,26.747113333333328,83.85521083333333,0.6414207158333333,5.43526825
2017-05-16,614.1671916666666,599.8034916666668,0.0,27.42287499999999,25.994,84.71625000000002,78.9325416666667,1956.5302083333333,23.44708125,22.429198333333332,26.686652499999997,81.8378775,0.8311168962083334,5.434806124999999
2017-05-17,614.4807124999999,599.8072958333331,0.0,27.8785,26.493541666666662,85.03829166666667,78.78945833333333,2039.637291666667,24.005615833333334,22.930746666666664,27.180622500000002,81.92734124999998,0.8274420904166666,5.665658791666668
2017-05-18,613.6020916666666,599.78835,0.4656666666666666,27.627083333333335,26.325375000000005,87.21708333333333,81.8122916666667,2160.788708333333,24.31006125,23.338227083333337,26.955482083333337,84.63947541666668,0.8780295752916666,6.002190874999999
2017-05-19,616.1044958333333,599.7814833333334,0.0,27.96308333333333,26.67925,84.78854166666669,79.02554166666668,2218.2037499999997,23.967350416666665,23.080367083333332,27.34422583333333,81.85044749999997,1.0902546,6.161677083333331
2017-05-20,616.0926666666668,599.7839041666667,0.0,28.274291666666667,26.843125000000004,82.23049999999999,76.22129166666666,2122.2187500000005,23.666868750000003,22.73897666666667,27.543947916666664,79.15257458333335,0.992557690125,5.8950522083333325
2017-05-21,617.8151791666668,599.7701583333334,0.0,28.21666666666667,26.742791666666665,78.50983333333333,72.24437499999999,2118.6741666666667,22.866178750000003,21.876578750000004,27.444163333333336,75.50414958333333,1.1785127416666668,5.885206
2017-05-22,613.7444208333333,599.7732208333333,0.0,27.31879166666667,25.748833333333334,75.11695833333333,68.96175,1952.967416666667,21.3293375,20.355896666666663,26.4460375,72.21781625000001,0.9864293724999998,5.424909916666667
2017-05-23,610.3174708333333,599.8394875,0.0,27.400583333333334,25.757625,75.98129166666665,68.45645833333333,2130.714375,20.928214583333332,19.53595666666667,26.570951250000004,72.10124208333333,0.7465132487500002,5.918650958333335
2017-05-24,612.194125,599.8210416666667,0.0,27.696624999999997,25.680125,74.61595833333334,66.12629166666667,2033.836416666666,20.974771250000007,19.303273333333333,26.710933333333333,70.32204250000001,0.5129340814583333,5.649545749999999
2017-05-25,611.3063541666667,599.8322416666667,0.5503333333333333,27.60983333333333,25.764874999999993,81.91958333333334,74.19712499999999,1907.7720416666668,22.65897583333333,21.298954583333334,26.623844583333334,78.27542000000001,0.42177087666666674,5.2993667916666665
2017-05-26,610.8433958333334,599.960175,0.0,28.00141666666666,26.386,80.84350000000002,73.22833333333334,1969.9432916666672,22.945958333333333,21.75196166666667,27.208423750000005,76.98365,0.4663743682208334,5.47206475
2017-05-27,608.0644666666667,599.8561458333334,0.0,28.164916666666667,26.590666666666664,83.369625,75.96166666666667,1836.0998749999999,23.739670833333335,22.521696666666667,27.303038333333333,79.69412208333335,0.35394677051249995,5.1002776249999995
2017-05-28,609.5128875,599.9062625,1.8309166666666667,26.971499999999992,25.33270833333333,90.51933333333334,84.354875,1849.5631666666666,24.2221775,23.210050833333337,26.133329166666666,87.73140708333334,0.31323790025000003,5.137675500000001
2017-05-29,605.0802625,599.8491500000001,2.1272497083333337,24.591166666666666,23.825666666666667,93.73591666666668,90.17291666666667,1811.9322499999998,23.019785416666668,22.309126250000002,24.18865583333333,91.83309625,0.17959489829166667,5.0331452500000005
2017-05-30,604.7044166666666,599.8363041666668,0.0,26.02337499999999,24.74933333333333,89.23966666666668,83.50695833333333,1907.5725833333336,23.115915000000005,21.99057166666667,25.333938749999998,86.23824999999998,0.30857050508333334,5.2988126666666675
2017-05-31,611.0075916666666,599.8323625000002,0.03175,26.03141666666667,24.686874999999997,93.06908333333331,86.73008333333333,1829.2077083333334,23.85212041666666,23.023437916666666,25.258617916666665,90.18016708333334,0.43169557679166665,5.0811324166666685
2017-06-01,612.0771083333333,599.8187541666665,0.13758333333333334,27.155041666666662,25.731583333333337,87.48299999999999,81.62854166666666,2003.2867083333338,23.84600208333333,22.841027500000006,26.423143750000005,84.67510499999999,0.7114437208333334,5.564685
2017-06-02,612.5628374999999,599.7990416666667,0.0,26.94916666666666,25.533041666666662,86.99624999999999,80.96887499999998,2079.406333333334,23.582665000000002,22.53870375,26.210130833333338,84.29205416666667,0.811270229625,5.7761285833333345
2017-06-03,615.2426791666667,599.8670875000001,0.0,27.354874999999996,26.073583333333335,83.21712500000001,77.044125,2063.5807083333334,23.100025833333337,22.075415833333334,26.685184583333328,80.15467000000001,0.7194618041666668,5.7321686666666665
2017-06-04,613.3721458333333,599.7774166666667,0.010583333333333333,27.517791666666668,26.287166666666668,82.21091666666668,76.331125,2036.7872916666668,23.049025416666666,22.00178708333333,26.913338333333332,79.05501624999998,0.8717245197916664,5.6577425
2017-06-05,611.307375,599.7730874999999,0.0,26.87066666666666,25.54070833333333,79.276,72.68833333333335,2019.028083333333,21.662037916666666,20.575391666666665,26.202932083333334,75.85287,1.0325577708333333,5.60841125
2017-06-06,613.628675,599.8102333333333,0.0,26.682625000000005,25.172583333333336,79.59495833333334,73.09500000000001,1908.7971249999998,21.67439625,20.47097625,25.91567833333333,76.34333208333332,0.8164988370833334,5.302214625
2017-06-07,613.02415,599.7900083333333,0.0,27.050291666666666,25.506541666666667,77.14883333333333,68.80445833333333,1942.7604583333339,21.1920175,19.8356075,26.21775083333333,73.24784749999999,0.7893721446666665,5.396556625000001
2017-06-08,611.3452708333333,599.8018375000001,0.0,26.37833333333333,24.69716666666667,79.44620833333335,72.54820833333333,1924.0587083333332,21.13051833333333,20.087454166666667,25.573774583333332,76.08823916666667,0.7725462352916668,5.3446074999999995
2017-06-09,611.2145166666667,599.8749666666666,0.0,27.21670833333333,25.653999999999996,80.30408333333335,73.36983333333333,1947.427875,21.994975416666666,20.794507499999998,26.426857083333335,76.85966874999998,0.6987154208333334,5.4095220416666665
2017-06-10,617.6261874999999,599.7780541666667,0.0,27.716708333333333,26.250541666666667,81.56466666666668,75.47500000000001,1920.3206250000003,22.900179999999995,21.850695833333333,27.01902333333334,78.37265083333332,0.8749565970833335,5.334223958333333
2017-06-11,615.3613416666667,599.7611333333333,0.0,27.159166666666668,25.722666666666658,85.63470833333332,79.87362499999999,1973.8549999999998,23.298067083333333,22.46248208333333,26.405089999999998,82.66541124999999,1.1090133758333334,5.482930416666666
2017-06-12,612.8030958333333,599.7873375000001,0.05291666666666667,27.395333333333337,25.812124999999998,78.58179166666666,72.10587500000001,2097.692416666667,21.8816175,20.780401666666666,26.62397125,75.24289749999998,0.7126040615,5.82692325
2017-06-13,613.6790375000002,599.8223249999999,0.0,27.260708333333337,25.65004166666667,78.46275000000001,72.017875,1949.3308750000003,21.72579875,20.602424166666665,26.475941666666667,75.20133,0.8234345025,5.414808083333334
2017-06-14,611.7343333333332,599.787725,0.07408333333333333,26.311958333333333,24.51929166666667,81.36966666666666,74.59320833333335,1914.186041666667,21.268251250000002,20.02552708333333,25.35860916666667,77.93223416666665,0.5156567489124999,5.317183291666667
2017-06-15,612.4023333333334,599.7887166666667,0.0,27.5895,25.95508333333333,73.32429166666667,66.37220833333333,2015.8559583333335,20.785834999999995,19.678556666666665,26.786252916666665,69.91738625,0.7410792470833334,5.599599625000001
2017-06-16,613.6792791666666,599.820925,0.0,26.203999999999997,24.578166666666664,81.18954166666667,73.88004166666667,1857.4493750000001,21.183865833333332,20.173188333333332,25.359190416666667,77.44897666666667,0.41360244759583337,5.159581749999999
2017-06-17,612.933975,599.8468583333333,0.0,27.27566666666667,25.505083333333335,75.88941666666668,68.90833333333335,1878.6036666666662,20.886860416666664,19.70556,26.28738708333334,72.64947624999998,0.5848408905416665,5.218343666666667
2017-06-18,610.3965541666665,599.9423791666667,0.0,27.811333333333327,26.021291666666666,76.72500000000001,69.63783333333335,1930.5383749999999,21.583559583333336,20.31838666666667,26.898367916666658,73.23897166666666,0.5810821677916667,5.36260675
2017-06-19,613.0024,599.7889833333334,0.0,28.142,26.649708333333333,74.49529166666669,68.15179166666665,1899.234041666666,21.551042499999998,20.495475416666668,27.30508541666667,71.44828791666667,0.5751390518041667,5.275650291666667
2017-06-20,614.4779208333334,599.7970041666669,0.0,28.02875,26.394375,75.35854166666665,68.64858333333335,1968.8481249999998,21.435274999999994,20.325936666666667,27.201645833333334,71.93754666666668,0.7322338576249999,5.4690225833333335
2017-06-21,614.4915124999999,599.7953416666668,0.42333333333333334,28.133375000000004,26.400791666666674,76.06187499999997,68.41366666666669,1876.4950000000001,21.73429666666667,20.66066833333333,27.19987875,72.25879666666667,0.7774622999999998,5.212486125000001
2017-06-22,615.9623,599.8798083333335,0.44450000000000006,27.278708333333327,25.820249999999998,72.21791666666665,65.19595833333332,1963.495916666666,20.11991250000001,18.83522041666667,26.573071249999998,68.50520625,0.9402488007458331,5.454155375
2017-06-23,613.0119458333332,599.8286833333335,0.0,27.186958333333326,25.369291666666665,74.89654166666668,67.32083333333334,1928.7232499999998,20.533477500000004,19.361151666666665,26.223869583333336,71.39631666666666,0.8111575251666666,5.357564458333332
2017-06-24,608.9261625,599.8256166666666,1.8097495833333335,26.500291666666666,25.097916666666674,85.42270833333333,79.03320833333335,1830.1785833333336,22.832432083333334,21.645761250000003,25.72639791666667,82.3891325,0.53253179575,5.0838295833333325
2017-06-25,612.1086458333334,599.84865,0.0,28.156291666666664,26.711583333333337,70.48745833333335,63.0325,1905.6821666666665,20.864881666666665,19.469475833333338,27.399673749999994,66.63602708333332,0.7747077208333334,5.293561541666667
2017-06-26,612.150375,599.8275291666667,0.0,27.54425,26.045791666666673,68.55091666666668,60.70083333333333,2047.473875,19.48912916666667,17.995395833333333,26.749159583333334,64.40622,0.6452980744583334,5.687427291666666
2017-06-27,609.2088916666665,599.8650583333334,0.0,26.892125000000004,25.663416666666667,73.42416666666668,66.92483333333332,1930.3754999999994,20.424358749999996,19.29661458333333,26.282005833333333,70.00742125000001,0.6425318842625,5.3621541666666666
2017-06-28,613.0109125,599.8211750000002,0.0,27.337500000000002,25.92925,73.690375,66.61250000000001,1910.9741666666669,20.78508583333333,19.573915,26.585205833333337,70.42717499999999,0.5789525304166666,5.308261375000001
2017-06-29,613.7631125,599.7844,0.0,27.068708333333337,25.69020833333333,77.22529166666668,71.36229166666666,1742.4009166666665,21.472679166666666,20.73895291666667,26.316065833333326,74.34074916666667,0.7831596622916668,4.840002458333333
2017-06-30,609.4833749999999,599.8012041666667,0.0,26.59545833333333,25.309708333333333,83.96404166666667,78.12408333333333,1796.6070416666669,22.595511666666667,21.72685125,25.92010625,81.25330625000001,0.5288223474583332,4.9905749166666675
2017-07-01,613.8349708333332,599.8524500000002,4.000498916666667,24.62075,22.962833333333336,97.39712500000002,91.44995833333333,1696.0398333333335,23.365030833333332,22.327999583333334,23.718892916666658,94.72319499999999,0.15785589125000002,4.711221958333334
2017-07-02,606.1823458333334,600.04095,0.021166666666666667,25.47704166666667,24.42691666666667,89.50208333333335,84.71812499999999,1755.4675416666662,22.78115625,21.898491249999996,24.910730833333332,87.1256925,0.3490393868333333,4.876298666666667
2017-07-03,612.9408458333334,599.8439374999999,0.0,26.827416666666664,25.65904166666667,74.0086666666667,68.62158333333332,1851.4923333333336,20.816522916666667,19.712385416666663,26.22316749999999,71.59683541666668,0.9551708027083334,5.143034124999999
2017-07-04,617.3443374999999,599.8660791666667,0.0,26.065250000000002,25.07325,66.46933333333334,61.88166666666665,1759.291375,18.702065833333336,17.78873916666667,25.556922083333337,64.00815708333334,0.9694097291666668,4.886920208333334
2017-07-05,617.0034708333334,599.8585583333333,0.0,26.250124999999997,25.087541666666667,70.45408333333333,65.47908333333334,1724.023875,19.65455916666667,18.816486249999997,25.62917541666667,68.02253874999998,1.0479021908333335,4.788955208333333
2017-07-06,613.8036833333334,599.8394958333334,0.0,26.070750000000007,24.93183333333334,76.08883333333334,69.61354166666666,1696.4371250000006,20.65512958333333,19.635656666666666,25.446453333333334,72.88302749999998,0.5725057269999999,4.7123252916666685
2017-07-07,613.9204416666665,599.8506875000002,0.0,28.121791666666663,26.849625000000003,64.37225,59.268041666666676,1894.1343750000003,19.757462083333333,18.863900833333336,27.46600166666667,61.67597083333333,0.6715306624999999,5.261484458333333
2017-07-08,615.4225375,599.8865416666666,0.0,27.886250000000008,26.613625,57.23904166666666,52.70862499999999,2026.0598750000001,17.55384333333333,16.460973749999997,27.18825916666667,54.92733291666668,1.1591551333333334,5.627943999999999
2017-07-09,619.5649041666668,599.8307291666666,0.0,27.66141666666667,26.315416666666664,63.34191666666666,58.11233333333334,1910.9933749999998,19.066173333333335,18.205374583333334,26.92991583333333,60.837904583333334,0.9229977037500001,5.308314958333333
2017-07-10,617.9994833333334,599.7725874999999,0.0,27.891166666666667,26.602291666666662,63.190041666666666,58.53970833333333,1819.1507499999996,19.442534583333327,18.592313333333333,27.16308916666667,60.97977291666667,0.9075345391666666,5.053196499999999
2017-07-11,617.0448,599.7795833333333,0.07408333333333333,26.250333333333334,24.986791666666672,75.69804166666667,69.31579166666666,1709.1651249999995,20.57152916666666,19.822523750000006,25.545318749999996,72.75802583333335,0.627091999375,4.747680916666666
2017-07-12,614.4903708333333,599.8693708333333,0.0,25.69258333333333,23.969291666666674,76.44758333333333,68.94487499999998,1681.5242916666664,19.77586416666667,18.765711666666665,24.742920416666674,72.86160875,0.5315769258333335,4.670900958333334
2017-07-13,618.7896875,599.7916583333334,0.0,27.76729166666666,26.152333333333335,57.75716666666667,52.004083333333334,2025.687,17.318609583333334,16.215815833333334,26.946645000000004,54.86598375000002,1.3263395599999999,5.626908166666667
2017-07-14,616.2661625000001,599.8103583333335,0.0,27.26058333333334,25.70533333333333,60.16175000000001,53.721250000000005,2072.9505,17.26913875,15.974750416666664,26.431415416666667,57.009222916666666,1.0577112345833333,5.758195624999999
2017-07-15,613.0803583333334,599.8288041666666,0.0,27.028333333333336,25.390041666666665,56.89908333333333,50.62883333333334,2084.1676666666667,16.540749583333334,15.426465,26.128235,53.847386666666665,0.8860937332916664,5.789354500000002
2017-07-16,616.3157583333333,599.7912708333332,0.0,27.94216666666667,26.395166666666668,57.14550000000002,50.12075000000001,2122.7553333333335,17.267188333333326,15.88481208333333,27.166334999999993,53.664832499999996,0.9476851069999999,5.896542791666666
2017-07-17,620.3842458333332,599.7933208333333,0.0,27.405666666666665,25.471958333333333,57.15699999999999,49.87629166666667,2130.0627083333334,16.756954999999998,15.155929583333332,26.486984583333335,52.986667916666654,0.8702602758333331,5.916841166666667
2017-07-18,608.8888791666667,599.8798041666665,0.0,26.768625000000004,24.702416666666668,61.162208333333346,52.72304166666668,2155.8183749999994,16.984971666666663,15.482544583333334,25.680160833333336,56.955239583333345,0.44213543079166656,5.9883846249999975
2017-07-19,612.9250625000001,599.7859375,0.0,26.883124999999996,25.430291666666662,75.33937499999998,68.96133333333334,1864.9104999999997,20.744387083333336,19.683730833333332,26.08292416666667,72.23801458333334,0.44642651162499997,5.180306916666667
2017-07-20,612.0273708333334,599.8125166666665,0.0635,26.86991666666667,25.646916666666673,77.95995833333335,72.21441666666668,1689.076708333333,21.517465833333333,20.723514166666668,26.186790000000002,75.15065208333334,0.5846644125,4.691879791666667
2017-07-21,611.6333500000001,599.7653333333336,0.4127500416666667,23.577791666666666,22.588624999999993,95.36537500000003,89.57504166666666,1588.0769166666669,22.159467499999995,21.383179166666665,23.01757458333333,92.69600166666667,0.54761577125,4.411325166666666
2017-07-22,611.7111916666668,599.8155624999999,0.0,26.044333333333338,24.616625000000003,81.87383333333334,75.72091666666665,1831.5160416666665,21.439217083333343,20.537385,25.277797916666668,78.99054999999998,0.6085908287499999,5.087544458333333
2017-07-23,610.3352666666666,599.7814874999999,0.010583333333333333,26.681583333333332,25.24241666666667,79.12970833333335,72.93791666666665,1953.935416666667,21.256785,20.37725916666667,25.931615833333336,76.03932916666668,0.8235879653333334,5.427598375
2017-07-24,618.9745000000001,599.7970041666666,0.5609167083333334,26.762500000000003,25.235749999999996,74.47775000000001,67.87075,2129.3243333333335,20.2147575,19.14215916666667,26.02232916666667,71.02555958333333,1.1017621433333333,5.914789833333334
2017-07-25,617.0121083333332,599.7648250000001,0.0,26.72016666666667,25.048708333333334,70.46829166666667,64.206875,1997.9622083333331,19.522803749999998,18.560820833333334,25.790863749999996,67.61935499999998,1.3787788971625001,5.549895083333333
2017-07-26,617.9015541666669,599.81265,0.0,27.386541666666663,26.137124999999994,57.968875,53.813624999999995,2164.968125,17.525211666666667,16.592660416666668,26.727224999999994,55.86460791666668,1.6003182124999997,6.013800458333333
2017-07-27,617.8429166666666,599.7981458333334,0.0,28.085958333333338,26.397374999999997,57.36762500000001,51.41566666666666,2324.799375,17.59669625,16.541982083333334,27.254762083333333,54.17881624999999,1.1759116291666667,6.457776166666666
2017-07-28,613.7478541666666,599.8483958333334,0.13758333333333334,27.00395833333333,25.804083333333327,68.842375,62.7665,2053.499625,19.54128125,18.582794999999997,26.358270833333332,65.83271749999999,0.9026879694166667,5.7041658333333345
2017-07-29,615.9687958333333,599.7971249999999,0.127,27.322125,25.88570833333333,65.76195833333334,58.91083333333333,2095.0049583333334,18.7529025,17.505179583333334,26.592815833333333,62.205269999999985,1.05334783875,5.819458499999999
2017-07-30,615.4475708333332,599.8000666666667,0.0,27.954791666666665,26.530166666666663,53.783625,48.33737500000001,2319.3409583333337,16.724074583333334,15.413850416666667,27.24233291666667,50.89571624999999,1.2305007195833333,6.442613874999999
2017-07-31,616.1729375,599.7886166666666,0.042333333333333334,27.51770833333333,26.036958333333327,65.78645833333336,59.37350000000001,2034.535333333334,19.213111666666663,18.14516375,26.688496249999996,62.578521249999994,0.7663744083333336,5.651487208333332
2017-08-01,613.7188458333331,599.8069208333333,0.0,27.21545833333333,25.83383333333334,70.93608333333333,64.75854166666667,2012.4778749999998,19.866537500000003,18.881344999999996,26.490115000000003,67.92178,0.6751677658333334,5.590216541666666
